nb run,lifetime
0,13063
1,18203
2,13946
15070.666666666666,6827.338003521735
